file_name,median_order_parameter
Gaussian0002480000vvmax_const30sigma3.5.tif,0.00343844124060733
Gaussian0002604000vvmax_const30sigma3.5.tif,0.0308957772510842
Gaussian0002728000vvmax_const30sigma3.5.tif,0.130295407172718
Gaussian0002852000vvmax_const30sigma3.5.tif,0.0469486646205826
Gaussian0002976000vvmax_const30sigma3.5.tif,0.337175362074512
Gaussian0003100000vvmax_const30sigma3.5.tif,0.210282422835493
