file_name,median_order_parameter
Gaussian0002480000vvmax_const30sigma3.5.tif,0.171452119302751
Gaussian0002604000vvmax_const30sigma3.5.tif,0.0816586276985394
Gaussian0002728000vvmax_const30sigma3.5.tif,0.151876906938863
Gaussian0002852000vvmax_const30sigma3.5.tif,-0.102316392776697
Gaussian0002976000vvmax_const30sigma3.5.tif,0.288811145279685
Gaussian0003100000vvmax_const30sigma3.5.tif,0.156469601327786
