file_name,median_order_parameter
Gaussian0002480000vvmax_const30sigma3.5.tif,0.08158599660688
Gaussian0002604000vvmax_const30sigma3.5.tif,0.0661108312209653
Gaussian0002728000vvmax_const30sigma3.5.tif,0.0487861911208556
Gaussian0002852000vvmax_const30sigma3.5.tif,0.0582478941362875
Gaussian0002976000vvmax_const30sigma3.5.tif,0.22499911201455
Gaussian0003100000vvmax_const30sigma3.5.tif,-0.0303379519564539
