file_name,median_order_parameter
Gaussian0002727000vvmax_const13sigma3.5.tif,0.188607956233915
Gaussian0003131000vvmax_const13sigma3.5.tif,0.0557429464724104
Gaussian0003535000vvmax_const13sigma3.5.tif,0.137579897203029
Gaussian0003939000vvmax_const13sigma3.5.tif,-0.0835175458568362
