file_name,median_order_parameter
Gaussian0002480000vvmax_const30sigma3.5.tif,0.222398152287655
Gaussian0002604000vvmax_const30sigma3.5.tif,-0.0389431432994096
Gaussian0002728000vvmax_const30sigma3.5.tif,-0.0315283151080824
Gaussian0002852000vvmax_const30sigma3.5.tif,-0.0523841854570768
Gaussian0002976000vvmax_const30sigma3.5.tif,0.228062252193548
Gaussian0003100000vvmax_const30sigma3.5.tif,0.0460210027435101
