file_name,median_order_parameter
Gaussian0002480000vvmax_const30sigma3.5.tif,0.00648251865098592
Gaussian0002604000vvmax_const30sigma3.5.tif,-0.0515464839908071
Gaussian0002728000vvmax_const30sigma3.5.tif,0.273686069760219
Gaussian0002852000vvmax_const30sigma3.5.tif,0.104496084776271
Gaussian0002976000vvmax_const30sigma3.5.tif,-0.174509344870896
Gaussian0003100000vvmax_const30sigma3.5.tif,0.178453681818265
