file_name,median_order_parameter
Gaussian0002480000vvmax_const30sigma3.5.tif,0.190433237710546
Gaussian0002604000vvmax_const30sigma3.5.tif,-0.0833712391449037
Gaussian0002728000vvmax_const30sigma3.5.tif,0.21655908219421
Gaussian0002852000vvmax_const30sigma3.5.tif,0.0966763520478902
Gaussian0002976000vvmax_const30sigma3.5.tif,-0.0974495013907452
Gaussian0003100000vvmax_const30sigma3.5.tif,0.0459429948596389
